{
  "ABOUT_COPYRIGHTS": "© 2018 Talend. All Rights Reserved",
  "ABOUT_HEADER": "About {{product}}",
  "ABOUT_VERSION_NAME": "Version: {{version}}",
  "ACTION_BAR_COUNT_SELECTED": "{{selected}} selected",
  "ACTION_DROPDOWN_EMPTY": "No options",
  "ACTION_IN_PROGRESS": "{{label}} (in progress)",
  "ACTION_MENU_OPEN": "Open \"{{label}}\" menu",
  "APP_LOADER_LOADING": "Loading application",
  "BACK_ARROW_TOOLTIP": "Go Back",
  "BADGE_DELETE": "delete",
  "BREADCRUMB": "breadcrumb",
  "BREADCRUMB_OPEN_FIRST_LINKS_MENU": "Open first links menu",
  "BUILD_ID": "Build ID",
  "CANCEL_TOOLTIP": "Cancel",
  "CIRCULAR_PROGRESS_LOADING": "Loading {{percent}}",
  "CIRCULAR_PROGRESS_LOADING_PERCENT": "{{percent}}%",
  "COLLAPSIBLE_PANEL_COLLAPSE": "Collapse panel",
  "COLLAPSIBLE_PANEL_EXPAND": "Expand panel",
  "COLON": "",
  "DATE_FNS_ABOUT_HOUR": "about {{count}} hours",
  "DATE_FNS_ABOUT_MINUTE": "{{count}} minutes",
  "DATE_FNS_ABOUT_MONTH": "about {{count}} months",
  "DATE_FNS_ABOUT_YEAR": "about {{count}} years",
  "DATE_FNS_AGO": "{{value}} ago",
  "DATE_FNS_ALMOST_YEAR": "almost {{count}} years",
  "DATE_FNS_APRIL_3CHAR": "Apr",
  "DATE_FNS_APRIL_FULL": "April",
  "DATE_FNS_AUGUST_3CHAR": "Aug",
  "DATE_FNS_AUGUST_FULL": "August",
  "DATE_FNS_DAY": "{{count}} days",
  "DATE_FNS_DECEMBER_3CHAR": "Dec",
  "DATE_FNS_DECEMBER_FULL": "December",
  "DATE_FNS_FEBRUARY_3CHAR": "Feb",
  "DATE_FNS_FEBRUARY_FULL": "February",
  "DATE_FNS_FRIDAY_1CHAR": "",
  "DATE_FNS_FRIDAY_2CHAR": "Fr",
  "DATE_FNS_FRIDAY_3CHAR": "Fri",
  "DATE_FNS_FRIDAY_FULL": "Friday",
  "DATE_FNS_HALF_A_MINUTE": "half a minute",
  "DATE_FNS_HOUR": "{{count}} hours",
  "DATE_FNS_IN": "in {{value}}",
  "DATE_FNS_JANUARY_3CHAR": "Jan",
  "DATE_FNS_JANUARY_FULL": "January",
  "DATE_FNS_JULY_3CHAR": "Jul",
  "DATE_FNS_JULY_FULL": "July",
  "DATE_FNS_JUNE_3CHAR": "Jun",
  "DATE_FNS_JUNE_FULL": "June",
  "DATE_FNS_LESS_THAN_MINUTES": "less than {{count}} minutes",
  "DATE_FNS_LESS_THAN_SECONDS": "less than {{count}} seconds",
  "DATE_FNS_MARCH_3CHAR": "Mar",
  "DATE_FNS_MARCH_FULL": "March",
  "DATE_FNS_MAY_3CHAR": "May",
  "DATE_FNS_MAY_FULL": "May",
  "DATE_FNS_MERIDIEM_FULL_AM": "a.m.",
  "DATE_FNS_MERIDIEM_FULL_PM": "p.m.",
  "DATE_FNS_MERIDIEM_LOWERCASE_AM": "am",
  "DATE_FNS_MERIDIEM_LOWERCASE_PM": "pm",
  "DATE_FNS_MERIDIEM_UPPERCASE_AM": "AM",
  "DATE_FNS_MERIDIEM_UPPERCASE_PM": "PM",
  "DATE_FNS_MONDAY_1CHAR": "",
  "DATE_FNS_MONDAY_2CHAR": "Mo",
  "DATE_FNS_MONDAY_3CHAR": "Mon",
  "DATE_FNS_MONDAY_FULL": "Monday",
  "DATE_FNS_MONTH": "{{count}} months",
  "DATE_FNS_NOVEMBER_3CHAR": "Nov",
  "DATE_FNS_NOVEMBER_FULL": "November",
  "DATE_FNS_OCTOBER_3CHAR": "Oct",
  "DATE_FNS_OCTOBER_FULL": "October",
  "DATE_FNS_OVER_YEAR": "over {{count}} years",
  "DATE_FNS_SATURDAY_1CHAR": "",
  "DATE_FNS_SATURDAY_2CHAR": "Sa",
  "DATE_FNS_SATURDAY_3CHAR": "Sat",
  "DATE_FNS_SATURDAY_FULL": "Saturday",
  "DATE_FNS_SECOND": "{{count}} seconds",
  "DATE_FNS_SEPTEMBER_3CHAR": "Sep",
  "DATE_FNS_SEPTEMBER_FULL": "September",
  "DATE_FNS_SUNDAY_1CHAR": "",
  "DATE_FNS_SUNDAY_2CHAR": "Su",
  "DATE_FNS_SUNDAY_3CHAR": "Sun",
  "DATE_FNS_SUNDAY_FULL": "Sunday",
  "DATE_FNS_THURSDAY_1CHAR": "",
  "DATE_FNS_THURSDAY_2CHAR": "Th",
  "DATE_FNS_THURSDAY_3CHAR": "Thu",
  "DATE_FNS_THURSDAY_FULL": "Thursday",
  "DATE_FNS_TUESDAY_1CHAR": "",
  "DATE_FNS_TUESDAY_2CHAR": "Tu",
  "DATE_FNS_TUESDAY_3CHAR": "Tue",
  "DATE_FNS_TUESDAY_FULL": "Tuesday",
  "DATE_FNS_WEDNESDAY_1CHAR": "",
  "DATE_FNS_WEDNESDAY_2CHAR": "We",
  "DATE_FNS_WEDNESDAY_3CHAR": "Wed",
  "DATE_FNS_WEDNESDAY_FULL": "Wednesday",
  "DATE_FNS_YEAR": "{{count}} years",
  "DATEPICKER_DAY_SELECTED": "{{date}}, selected",
  "DATEPICKER_DAY_TODAY": "Today, {{date}}",
  "DATEPICKER_MONTH_NEXT": "Go to next month",
  "DATEPICKER_MONTH_PREVIOUS": "Go to previous month",
  "DATEPICKER_MONTHS_TITLE": "Year {{year}}",
  "DATEPICKER_SELECTED_MONTH": "{{monthYear}}, selected",
  "DATEPICKER_TIME": "Time",
  "DATEPICKER_TIME_HOURS": "Hours",
  "DATEPICKER_TIME_MINUTES": "Minutes",
  "DATEPICKER_TIME_SECONDS": "Seconds",
  "DATEPICKER_TO_DATE_VIEW": "Switch back to date and time pickers view",
  "DATEPICKER_TO_MONTH_YEAR": "Switch to month and year pickers view",
  "DATEPICKER_UTC": "UTC",
  "DATEPICKER_YEAR_NEXT": "Go to next year",
  "DATEPICKER_YEAR_PREVIOUS": "Go to previous year",
  "DATEPICKER_YEAR_SELECTED": "{{year}}, selected",
  "EDITABLE_TEXT_IN_PROGRESS": "Edit in progress",
  "ENUMERATION_EMPTY_LIST": "The list is empty",
  "ENUMERATION_EMPTY_PLACEHOLDER_SEARCH": "No results",
  "ENUMERATION_HEADER_LABEL": "Values",
  "ENUMERATION_NEW_ENTRY": "New entry",
  "ENUMERATION_NEW_ENTRY_LABEL": "Enter new entry name",
  "ENUMERATION_PLACEHOLDER_SEARCH": "Search",
  "ENUMERATION_SEARCH_LABEL": "Enter search term",
  "HEADER_BAR_APP_SWITCHER": "Switch to another application. Current application: {{appName}}",
  "HEADERBAR_GO_PORTAL": "Go to Portal",
  "HEADERBAR_HELP": "Help",
  "HEADERBAR_INFO": "Information",
  "HEADERBAR_NOTIFICATION": "Notifications (you don't have unread notifications)",
  "HEADERBAR_NOTIFICATION_UNREAD": "Notifications (you have unread notifications)",
  "HEADERBAR_USER_MENU": "Open user menu. Current user: {{name}}",
  "LESS": "Less",
  "LIST_CHANGE_DISPLAY_MODE": "Change display mode. Current display mode: {{displayMode}}.",
  "LIST_CHANGE_SORT_BY": "Change sort criteria. Current sort by {{sortBy}}.",
  "LIST_CHANGE_SORT_BY_ORDER": "Change sort order. Current order: {{sortOrder}}.",
  "LIST_FILTER_LABEL": "Filter",
  "LIST_FILTER_REMOVE": "Remove filter",
  "LIST_FILTER_TOGGLE": "Toggle filter",
  "LIST_OPEN_ACTION_MENU": "Open menu",
  "LIST_PAGINATION_GOTO_FIRST_PAGE": "Go to first page.",
  "LIST_PAGINATION_GOTO_LAST_PAGE": "Go to last page.",
  "LIST_PAGINATION_GOTO_NEXT_PAGE": "Go to next page. Current page: {{currentPage}}.",
  "LIST_PAGINATION_GOTO_PREVIOUS_PAGE": "Go to previous page. Current page: {{currentPage}}.",
  "LIST_SELECT_ALL": "Select All",
  "LIST_SELECT_DISPLAY_MODE": "Set {{displayMode}} as current display mode.",
  "LIST_SELECT_DISPLAY_MODE_LARGE": "Expanded",
  "LIST_SELECT_DISPLAY_MODE_TABLE": "Table",
  "LIST_SELECT_SORT_BY": "Select {{sortBy}} as current sort criteria.",
  "LIST_SELECT_SORT_BY_ORDER_ASC": "Ascending",
  "LIST_SELECT_SORT_BY_ORDER_DESC": "Descending",
  "LIST_TOOLBAR_DISPLAY": "Display:",
  "LIST_TOOLBAR_PAGINATION_SHOW": "Show:",
  "LIST_TOOLBAR_SORT_BY": "Sort by:",
  "LISTVIEW_EMPTY": "This list is empty.",
  "LISTVIEW_HEADER_SELECTED": "{{count}}/{{total}} selected",
  "LISTVIEW_HEADER_TITLE": "Values",
  "LISTVIEW_HEADERINPUT_SEARCH_PLACEHOLDER": "Search",
  "LISTVIEW_ITEMS_DESELECT_ALL": "Deselect all",
  "LISTVIEW_ITEMS_SELECT_ALL": "Select all",
  "LISTVIEW_NO_RESULT": "No result found.",
  "MODIFY_TOOLTIP": "Edit",
  "MORE": "More",
  "NOTIFICATION_CLOSE": "Close notification",
  "PIE_CHART_LOADING": "Loading chart",
  "PIE_CHART_PERCENTAGE": "{{percentage}}%",
  "SERVICE": "Service",
  "SIDEPANEL_COLLAPSE": "Collapse menu",
  "SIDEPANEL_EXPAND": "Expand menu",
  "SKELETON_LOADING": "{{type}} (loading)",
  "SKELETON_TYPE_BUTTON": "button",
  "SKELETON_TYPE_CIRCLE": "circle",
  "SKELETON_TYPE_ICON": "icon",
  "SKELETON_TYPE_TEXT": "text",
  "SKIP_LINKS": "Skip links",
  "SKIP_TO_MAIN": "Skip to main content",
  "SKIP_TO_NAV": "Skip to navigation",
  "SUBMIT_TOOLTIP": "Submit",
  "TC_ENUMERATION_CHECK": "Check item \"{{label}}\"",
  "TC_ENUMERATION_EDIT_ENTRY": "Enter the new value",
  "TC_ENUMERATION_SELECT": "Select item \"{{label}}\"",
  "TC_LISTVIEW_COLLAPSE": "Collapse {{ value }}",
  "TC_LISTVIEW_DESELECT": "Deselect {{ value }}",
  "TC_LISTVIEW_EXPAND": "Expand {{ value }}",
  "TC_LISTVIEW_SELECT": "Select {{ value }}",
  "TC_OBJECT_VIEWER_NB_CHILDREN": "Contains {{count}} children",
  "VERSION": "Version",
  "VIRTUALIZEDLIST_NO_RESULT": "No result found"
}
