{
  "ADD_FACET_ROW_DISABLED_LABEL": "You can only apply the {{badgeLabel}} filter once",
  "ADD_FACET_ROW_DISABLED_LABEL_plural": "You can only apply the {{badgeLabel}} filter {{count}} times",
  "ADD_FACET_FILTER_PLACEHOLDER": "Find a filter",
  "ADD_FACET_FILTER_NO_RESULT": "No result found",
  "ADV_SEARCH_FACETED_PLACEHOLDER": "Enter your query",
  "ADV_SEARCH_FACETED_ARIA": "Advanced Faceted Search",
  "CANCEL_TOOLTIP": "Cancel",
  "SUBMIT_TOOLTIP": "Submit",
  "FACETED_SEARCH_VALUE_ALL": "All",
  "FACETED_SEARCH_VALUES_COUNT": "{{count}} values",
  "FACETED_SEARCH_VALUES_COUNT_plural": "{{count}} values",
  "FIND_COLUMN_FILTER_PLACEHOLDER": "Find an entity",
  "APPLY": "Apply",
  "DELETE_BADGE_ACTION": "Remove filter",
  "FACETED_SEARCH_DOES_NOT_CONTAINS": "Does not contains",
  "FACETED_SEARCH_EQUAL": "Equal",
  "FACETED_SEARCH_GREATHER_THAN": "Greater than",
  "FACETED_SEARCH_GREATHER_THAN_OR_EQUAL": "Greater than or equal",
  "FACETED_SEARCH_LESS_THAN": "Less than",
  "FACETED_SEARCH_LESS_THAN_OR_EQUAL": "Less than or equal",
  "TYPE_HERE": "Type here",
  "BASIC_SEARCH_ADD_FILTER": "Add filter",
  "FACETED_SEARCH_CONTAINS": "Contains",
  "OPEN_ADD_FACET_BUTTON": "Add filter",
  "FACETED_SEARCH_BASIC_CLEAR": "Remove all filters",
  "SHOW_FACETED_SEARCH": "Show faceted search",
  "FACETED_SEARCH_BASIC": "Basic",
  "FACETED_SEARCH_ADVANCED": "Advanced",
  "OPERATOR_NOT_EQUALS_LABEL": "Not equal to",
  "OPERATOR_EQUALS_LABEL": "Equal to",
  "OPERATOR_CONTAINS_LABEL": "Contains",
  "OPERATOR_IN_LABEL": "In",
  "OPERATOR_GREATER_THAN_LABEL": "Greater than",
  "OPERATOR_GREATER_THAN_OR_EQUAL_LABEL": "Greater than or equal to",
  "OPERATOR_LESS_THAN_LABEL": "Less than",
  "OPERATOR_LESS_THAN_OR_EQUAL_LABEL": "Less than or equal to"
}
