{
  "ARRAY_ADD_ELEMENT": "New Element",
  "ARRAY_FIELD_TEMPLATE_ACTION_DELETE": "Delete",
  "ARRAY_FIELD_TEMPLATE_ACTION_MOVE_DOWN": "Move Down",
  "ARRAY_FIELD_TEMPLATE_ACTION_MOVE_UP": "Move Up",
  "ARRAY_FIELD_TEMPLATE_ACTION_NEW_ELEMENT": "NEW {{element}}",
  "ARRAY_ITEM_MOVE_DOWN": "Move down",
  "ARRAY_ITEM_MOVE_UP": "Move up",
  "DATALIST_WIDGET_LOADING_LABELS": "loading labels",
  "ENUMERATION_WIDGET_ABORT": "Abort",
  "ENUMERATION_WIDGET_ADD_FROM_FILE": "Add values from a file",
  "ENUMERATION_WIDGET_ADD_ITEM": "Add item",
  "ENUMERATION_WIDGET_DUPLICATION_ERROR": "This term is already in the list",
  "ENUMERATION_WIDGET_EDIT": "Edit",
  "ENUMERATION_WIDGET_IMPORT_FROM_FILE": "Import values from a file",
  "ENUMERATION_WIDGET_LOADING": "Loading",
  "ENUMERATION_WIDGET_OVERWRITE_VALUES": "Overwrite existing values",
  "ENUMERATION_WIDGET_REMOVE_SELECTED_VALUES": "Remove selected values",
  "ENUMERATION_WIDGET_REMOVE_VALUE": "Remove value",
  "ENUMERATION_WIDGET_SEARCH_VALUES": "Search for specific values",
  "ENUMERATION_WIDGET_VALIDATE": "Validate",
  "ENUMERATION_WIDGET_VALIDATE_AND_ADD": "Validate and Add",
  "ERROR_ANY_OF_MISSING": "Data does not match any schemas from \"anyOf\"",
  "ERROR_ARRAY_ADDITIONAL_ITEMS": "Additional items not allowed",
  "ERROR_ARRAY_LENGTH_LONG": "Array is too long ({length}), maximum {maximum}",
  "ERROR_ARRAY_LENGTH_SHORT": "Array is too short ({length}), minimum {minimum}",
  "ERROR_ARRAY_UNIQUE": "Array items are not unique (indices {match1} and {match2})",
  "ERROR_CIRCULAR_REFERENCE": "Circular $refs: {urls}",
  "ERROR_ENUM_MISMATCH": "No enum match for: {value}",
  "ERROR_FORMAT_CUSTOM": "Format validation failed ({message})",
  "ERROR_INVALID_TYPE": "Invalid type: {type} (expected {expected})",
  "ERROR_KEYWORD_CUSTOM": "Keyword failed: {key} ({message})",
  "ERROR_NOT_PASSED": "Data matches schema from \"not\"",
  "ERROR_NUMBER_MAXIMUM": "Value {value} is greater than maximum {maximum}",
  "ERROR_NUMBER_MAXIMUM_EXCLUSIVE": "Value {value} is equal to exclusive maximum {maximum}",
  "ERROR_NUMBER_MINIMUM": "Value {value} is less than minimum {minimum}",
  "ERROR_NUMBER_MINIMUM_EXCLUSIVE": "Value {value} is equal to exclusive minimum {minimum}",
  "ERROR_NUMBER_MULTIPLE_OF": "Value {value} is not a multiple of {multipleOf}",
  "ERROR_NUMBER_NOT_A_NUMBER": "Value {value} is not a valid number",
  "ERROR_OBJECT_ADDITIONAL_PROPERTIES": "Additional properties not allowed",
  "ERROR_OBJECT_DEPENDENCY_KEY": "Dependency failed - key must exist: {missing} due to key: {key}",
  "ERROR_OBJECT_PROPERTIES_MAXIMUM": "Too many properties defined ({propertyCount}), maximum {maximum}",
  "ERROR_OBJECT_PROPERTIES_MINIMUM": "Too few properties defined ({propertyCount}), minimum {minimum}",
  "ERROR_OBJECT_REQUIRED": "Missing required field",
  "ERROR_ONE_OF_MISSING": "Data does not match any schemas from \"oneOf\"",
  "ERROR_ONE_OF_MULTIPLE": "Data is valid against more than one schema from \"oneOf\": indices {index1} and {index2}",
  "ERROR_STRING_LENGTH_LONG": "String is too long ({length} chars), maximum {maximum}",
  "ERROR_STRING_LENGTH_SHORT": "String is too short ({length} chars), minimum {minimum}",
  "ERROR_STRING_PATTERN": "String does not match pattern: {pattern}",
  "ERROR_UNKNOWN_PROPERTY": "Unknown property (not in schema)",
  "FORMAT_EMAIL": "must be a valid email (e.g.: user@company.com)",
  "FORMAT_ISO_DATETIME": "must be a valid ISO 8601 datetime (e.g.: 2018-01-01T00:00:00.000Z)",
  "FORMAT_NO_LEADING_TRAILING_SPACE": "must be a string without leading or trailing space",
  "FORMAT_STRING_WITHOUT_SPACE": "must be a string without space",
  "FORMAT_TIMESTAMP_OUT_OF_RANGE": "must be a valid timestamp",
  "FORMAT_URL_GIT": "must be a valid HTTP URL (e.g.: http(s)://host[:port]/my-repo[.git]), SSH URL (e.g.: [ssh://][user@]host:[port/]my-repo[.git]) or GIT URL (e.g.: git://host[:port]/my-repo[.git])",
  "FORMAT_URL_HTTP_HTTPS": "must be a valid url (e.g.: http://my.domain.com or https://my.domain.com)",
  "LISTVIEW_WIDGET_ABORT": "Abort",
  "LISTVIEW_WIDGET_SEARCH": "Search for specific values",
  "MULTISELECTTAG_WIDGET_NONE": "none",
  "TF_CODE_ESCAPE": "To focus out of the editor, press ESC key twice.",
  "TF_DATALIST_CUSTOM_SECTION": "CUSTOM",
  "TF_TABS_HAS_ERRORS": "has errors"
}
